<?xml version="1.0" encoding="utf-8"?>
<System>
  <P Name="Location">[-1031, 625, 7, 1257]</P>
  <P Name="SystemRect">[0.000000, 0.000000, 0.000000, 0.000000]</P>
  <P Name="Open">on</P>
  <P Name="SetExecutionDomain">off</P>
  <P Name="ExecutionDomainType">Deduce</P>
  <P Name="ReportName">simulink-default.rpt</P>
  <P Name="SIDHighWatermark">1</P>
  <P Name="SimulinkSubDomain">Simulink</P>
  <Block BlockType="Reference" Name="6-DOF supply vessel interface" SID="1">
    <P Name="Ports">[1, 2]</P>
    <P Name="Position">[295, 255, 450, 470]</P>
    <P Name="ZOrder">18</P>
    <P Name="BackgroundColor">yellow</P>
    <P Name="LibraryVersion">5.14</P>
    <P Name="SourceBlock">mssSimulink/Marine craft models/6-DOF supply vessel interface</P>
    <P Name="SourceType"/>
    <InstanceData>
      <P Name="ShowPortLabels">FromPortIcon</P>
      <P Name="SystemSampleTime">-1</P>
      <P Name="RTWMemSecFuncInitTerm">Inherit from model</P>
      <P Name="RTWMemSecFuncExecute">Inherit from model</P>
      <P Name="RTWMemSecDataConstants">Inherit from model</P>
      <P Name="RTWMemSecDataInternal">Inherit from model</P>
      <P Name="RTWMemSecDataParameters">Inherit from model</P>
      <P Name="VariantActivationTime">update diagram</P>
      <P Name="AllowZeroVariantControls">off</P>
      <P Name="PropagateVariantConditions">off</P>
      <P Name="ContentPreviewEnabled">off</P>
      <P Name="Latency">0</P>
      <P Name="AutoFrameSizeCalculation">off</P>
    </InstanceData>
  </Block>
</System>
