<?xml version="1.0" encoding="UTF-8"?>
<sltp_graph version="1.1" packageUris="http://schema.mathworks.com/mf0/sltp_mm/R2021b_202106150630">
  <sltp.mm.core.Context type="sltp.mm.core.Context" uuid="660148d8-ae62-4421-ac5c-d80fc37be178">
    <editorState type="sltp.mm.core.EditorState" uuid="cd5b5fb8-674e-43ba-a729-ac2f21e8a07a">
      <panelState type="sltp.mm.core.EditorPanelState" uuid="087ee299-35f7-41ee-9fb4-d8d0c6d7323e"/>
    </editorState>
    <rootTask type="sltp.mm.core.Task" uuid="303d225b-4be7-4b35-b2d4-89e0cea7ba39">
      <context type="sltp.mm.core.Context" uuid="660148d8-ae62-4421-ac5c-d80fc37be178"/>
      <explicit>false</explicit>
      <name>Default</name>
      <priority>-2147483648</priority>
      <subgraph type="sltp.mm.core.Graph" uuid="8e439e2b-a880-4d54-882a-3b5a55730186"/>
    </rootTask>
  </sltp.mm.core.Context>
</sltp_graph>